Vendor,Collection,Size,Design ID,Long SKU - VPN,Primary Color,UPC,Retail,Product_Id,URL
Ashley,Elaning,8' x 10',Elaning,14341S,,024052879230,199.99,14341S,https://homemakersfurniture.github.io/rugDatabase/#/collection/Elaning/Elaning
Ashley,Jadenburg,5.2' x 6.9',Jadenburg,1010049S,,024052967142,139.99,1010049S,https://homemakersfurniture.github.io/rugDatabase/#/collection/Jadenburg/Jadenburg
Ashley,Rossbury,5' x 7',Rossbury,1009568S,,024052967012,169.99,1009568S,https://homemakersfurniture.github.io/rugDatabase/#/collection/Rossbury/Rossbury
Ashley,Vinlett,5' x 7',Vinlett,1000697S,,024052913910,89.99,1000697S,https://homemakersfurniture.github.io/rugDatabase/#/collection/Vinlett/Vinlett
Ashley,Eljory,8' x 10',Eljory,1010052S,,024052967166,479.99,1010052S,https://homemakersfurniture.github.io/rugDatabase/#/collection/Eljory/Eljory
Ashley,Brickburgh,5' x 6.10',Brickburgh,13567S,,024052891607,149.99,13567S,https://homemakersfurniture.github.io/rugDatabase/#/collection/Brickburgh/Brickburgh
Ashley,Larkport,5' x 7',Larkport,1006470S,,024052933857,99.99,1006470S,https://homemakersfurniture.github.io/rugDatabase/#/collection/Larkport/Larkport
Ashley,Jossland,5' x 7',Jossland,1000341S,,024052891621,149.99,1000341S,https://homemakersfurniture.github.io/rugDatabase/#/collection/Jossland/Jossland
Ashley,Gentor,5' x 7',Gentor,1002280S,,024052872590,99.99,1002280S,https://homemakersfurniture.github.io/rugDatabase/#/collection/Gentor/Gentor
Ashley,Ivygail,7.5' x 9.6',Ivygail,5584S,,024052809572,129.99,5584S,https://homemakersfurniture.github.io/rugDatabase/#/collection/Ivygail/Ivygail
Ashley,Edrickhill,8' x 10',Edrickhill,1002285S,,024052914023,379.99,1002285S,https://homemakersfurniture.github.io/rugDatabase/#/collection/Edrickhill/Edrickhill
Ashley,Leonelle,5.3' x 7.3',Leonelle,607370,,024052788587,99.99,607370,https://homemakersfurniture.github.io/rugDatabase/#/collection/Leonelle/Leonelle
Ashley,Emertonly,8' x 10',Emertonly,14350S,,024052903508,169.99,14350S,https://homemakersfurniture.github.io/rugDatabase/#/collection/Emertonly/Emertonly
Ashley,Vinlett,8' x 10',Vinlett,1000698S,,024052913903,159.99,1000698S,https://homemakersfurniture.github.io/rugDatabase/#/collection/Vinlett/Vinlett
Ashley,Tobinbury,8' x 10',Tobinbury,1006469S,,024052933864,179.99,1006469S,https://homemakersfurniture.github.io/rugDatabase/#/collection/Tobinbury/Tobinbury
Ashley,Wallney,7.6' x 9.6',Wallney,1006503S,,024052944075,349.99,1006503S,https://homemakersfurniture.github.io/rugDatabase/#/collection/Wallney/Wallney
Ashley,Uduak,8' x 10',Uduak,1009580S,,024052967111,189.99,1009580S,https://homemakersfurniture.github.io/rugDatabase/#/collection/Uduak/Uduak
Ashley,Jerelyn,5.3' x 7',Jerelyn,1009365S,,024052788914,69.99,1009365S,https://homemakersfurniture.github.io/rugDatabase/#/collection/Jerelyn/Jerelyn
Ashley,Idaman,8' x 10',Idaman,1002274S,,024052924879,379.99,1002274S,https://homemakersfurniture.github.io/rugDatabase/#/collection/Idaman/Idaman
Ashley,Sethburn,4.10' x 7.2',Sethburn,7992S,,024052879124,79.99,7992S,https://homemakersfurniture.github.io/rugDatabase/#/collection/Sethburn/Sethburn
Ashley,Leesdale,5' x 7',Leesdale,14321S,,024052872552,119.99,14321S,https://homemakersfurniture.github.io/rugDatabase/#/collection/Leesdale/Leesdale
Ashley,Wimney,10' x 14',Wimney,1002275S,,024052924848,639.99,1002275S,https://homemakersfurniture.github.io/rugDatabase/#/collection/Wimney/Wimney
Ashley,Gizela,5.3' x 7.3',Gizela,607344,,024052788419,99.99,607344,https://homemakersfurniture.github.io/rugDatabase/#/collection/Gizela/Gizela
Ashley,Raif,8' x 10',Raif,1009577S,,024052967098,389.99,1009577S,https://homemakersfurniture.github.io/rugDatabase/#/collection/Raif/Raif
Ashley,Malvinsboro,8' x 10',Malvinsboro,1005415S,,024052933932,289.99,1005415S,https://homemakersfurniture.github.io/rugDatabase/#/collection/Malvinsboro/Malvinsboro
Ashley,Rossbury,8' x 10',Rossbury,1009567S,,024052967005,359.99,1009567S,https://homemakersfurniture.github.io/rugDatabase/#/collection/Rossbury/Rossbury
Ashley,Wallney,5' x 7',Wallney,1006502S,,024052944099,169.99,1006502S,https://homemakersfurniture.github.io/rugDatabase/#/collection/Wallney/Wallney
Ashley,Gatwell,8' x 10',Gatwell,7963S,,024052872569,219.99,7963S,https://homemakersfurniture.github.io/rugDatabase/#/collection/Gatwell/Gatwell
Ashley,Truward,5' x 8',Truward,5711S,,024052884685,129.99,5711S,https://homemakersfurniture.github.io/rugDatabase/#/collection/Truward/Truward
Ashley,Orest,8' x 10',Orest,1009571S,,024052967036,499.99,1009571S,https://homemakersfurniture.github.io/rugDatabase/#/collection/Orest/Orest
Ashley,Wyscott,8' x 10',Wyscott,310S,,024052788594,299.99,310S,https://homemakersfurniture.github.io/rugDatabase/#/collection/Wyscott/Wyscott
Ashley,Eljory,9' x 12',Eljory,1010102S,,024052967166,669.99,1010102S,https://homemakersfurniture.github.io/rugDatabase/#/collection/Eljory/Eljory
Ashley,Langwell,10' x 14',Langwell,13533S,,024052891355,339.99,13533S,https://homemakersfurniture.github.io/rugDatabase/#/collection/Langwell/Langwell
Ashley,Ivygail,5' x 7',Ivygail,5583S,,024052809589,69.99,5583S,https://homemakersfurniture.github.io/rugDatabase/#/collection/Ivygail/Ivygail
Ashley,Livdon,8' x 10',Livdon,1009528S,,024052966978,259.99,1009528S,https://homemakersfurniture.github.io/rugDatabase/#/collection/Livdon/Livdon
Ashley,Glennisman,5' x 8',Glennisman,1000353S,,024052924831,79.99,1000353S,https://homemakersfurniture.github.io/rugDatabase/#/collection/Glennisman/Glennisman
Ashley,Chanleigh,7.6' x 9.6',Chanleigh,1006465S,,024052933789,159.99,1006465S,https://homemakersfurniture.github.io/rugDatabase/#/collection/Chanleigh/Chanleigh
Ashley,Orest,5' x 8',Orest,1009572S,,024052967043,219.99,1009572S,https://homemakersfurniture.github.io/rugDatabase/#/collection/Orest/Orest
Ashley,Dunsler,5' x 7',Dunsler,1009363S,,024052871753,69.99,1009363S,https://homemakersfurniture.github.io/rugDatabase/#/collection/Dunsler/Dunsler
Ashley,Nace,7.6' x 9.6',Nace,1006499S,,024052944020,349.99,1006499S,https://homemakersfurniture.github.io/rugDatabase/#/collection/Nace/Nace
Ashley,Jossland,8' x 10',Jossland,1000336S,,024052891614,339.99,1000336S,https://homemakersfurniture.github.io/rugDatabase/#/collection/Jossland/Jossland
Ashley,Cayworth,5' x 7',Cayworth,17854S,,024052914016,129.99,17854S,https://homemakersfurniture.github.io/rugDatabase/#/collection/Cayworth/Cayworth
Ashley,Lambworth,7.10' x 10',Lambworth,713785,,024052826715,279.99,713785,https://homemakersfurniture.github.io/rugDatabase/#/collection/Lambworth/Lambworth
Ashley,Leningston,8' x 10',Leningston,1000699S,,024052913941,159.99,1000699S,https://homemakersfurniture.github.io/rugDatabase/#/collection/Leningston/Leningston
Ashley,Emorymore,5' x 7',Emorymore,1002272S,,024052924916,179.99,1002272S,https://homemakersfurniture.github.io/rugDatabase/#/collection/Emorymore/Emorymore
Ashley,Junley,8' x 10',Junley,1010112S,,024052967180,249.99,1010112S,https://homemakersfurniture.github.io/rugDatabase/#/collection/Junley/Junley
Ashley,Junley,5' x 7',Junley,1010113S,,024052967197,129.99,1010113S,https://homemakersfurniture.github.io/rugDatabase/#/collection/Junley/Junley
Ashley,Faelyn,5' x 7',Faelyn,306S,,024052809886,159.99,306S,https://homemakersfurniture.github.io/rugDatabase/#/collection/Faelyn/Faelyn
Ashley,Nace,5' x 7',Nace,1006498S,,024052944037,169.99,1006498S,https://homemakersfurniture.github.io/rugDatabase/#/collection/Nace/Nace
Ashley,Artney,5' x 7',Artney,1005419S,,024052903539,99.99,1005419S,https://homemakersfurniture.github.io/rugDatabase/#/collection/Artney/Artney
Ashley,Emertonly,5' x 7',Emertonly,14345S,,024052903515,79.99,14345S,https://homemakersfurniture.github.io/rugDatabase/#/collection/Emertonly/Emertonly
Ashley,Eljory,5' x 7',Eljory,1010056S,,024052967173,219.99,1010056S,https://homemakersfurniture.github.io/rugDatabase/#/collection/Eljory/Eljory
Ashley,Faelyn,8' x 10',Faelyn,304S,,024052809879,319.99,304S,https://homemakersfurniture.github.io/rugDatabase/#/collection/Faelyn/Faelyn
Ashley,Dallane,5' x 7',Dallane,5585S,,024052872415,179.99,5585S,https://homemakersfurniture.github.io/rugDatabase/#/collection/Dallane/Dallane
Ashley,Jadenburg,7.8' x 10',Jadenburg,1010032S,,024052967135,289.99,1010032S,https://homemakersfurniture.github.io/rugDatabase/#/collection/Jadenburg/Jadenburg
Ashley,Qaabiz,5' x 7',Qaabiz,1006511S,,024052944136,149.99,1006511S,https://homemakersfurniture.github.io/rugDatabase/#/collection/Qaabiz/Qaabiz
Ashley,Wyscott,5' x 7',Wyscott,311S,,024052788600,149.99,311S,https://homemakersfurniture.github.io/rugDatabase/#/collection/Wyscott/Wyscott
Ashley,Glennisman,8' x 10',Glennisman,1000354S,,024052924824,179.99,1000354S,https://homemakersfurniture.github.io/rugDatabase/#/collection/Glennisman/Glennisman
Ashley,Beritham,8' x 10',Beritham,1002278S,,024052924800,179.99,1002278S,https://homemakersfurniture.github.io/rugDatabase/#/collection/Beritham/Beritham
Ashley,Davismour,5' x 7',Davismour,1006508S,,024052944204,149.99,1006508S,https://homemakersfurniture.github.io/rugDatabase/#/collection/Davismour/Davismour
Ashley,Barricland,5' x 7',Barricland,1010116S,,024052967210,129.99,1010116S,https://homemakersfurniture.github.io/rugDatabase/#/collection/Barricland/Barricland
Ashley,Neroham,5' x 7',Neroham,1009576S,,024052967074,179.99,1009576S,https://homemakersfurniture.github.io/rugDatabase/#/collection/Neroham/Neroham
Ashley,Wimney,8' x 10',Wimney,1002276S,,024052924855,379.99,1002276S,https://homemakersfurniture.github.io/rugDatabase/#/collection/Wimney/Wimney
Ashley,Langwell,8' x 10',Langwell,13532S,,024052891362,199.99,13532S,https://homemakersfurniture.github.io/rugDatabase/#/collection/Langwell/Langwell
Ashley,Anburgh,5' x 8',Anburgh,1000397S,,024052925296,109.99,1000397S,https://homemakersfurniture.github.io/rugDatabase/#/collection/Anburgh/Anburgh
Ashley,Elaning,5' x 7',Elaning,14340S,,024052879247,99.99,14340S,https://homemakersfurniture.github.io/rugDatabase/#/collection/Elaning/Elaning
Ashley,Livdon,5' x 8',Livdon,1009529S,,024052966985,99.99,1009529S,https://homemakersfurniture.github.io/rugDatabase/#/collection/Livdon/Livdon
Ashley,Barkham,8' x 10',Barkham,14329S,,024052831368,149.99,14329S,https://homemakersfurniture.github.io/rugDatabase/#/collection/Barkham/Barkham
Ashley,Sethburn,7.9' x 9.7',Sethburn,7993S,,024052879117,179.99,7993S,https://homemakersfurniture.github.io/rugDatabase/#/collection/Sethburn/Sethburn
Ashley,Karalee,8' x 10',Karalee,569365,,024052643220,389.99,569365,https://homemakersfurniture.github.io/rugDatabase/#/collection/Karalee/Karalee
Ashley,Arriston,5' x 7',Arriston,745069,,024052831399,89.99,745069,https://homemakersfurniture.github.io/rugDatabase/#/collection/Arriston/Arriston
Ashley,Dunsler,8' x 10',Dunsler,1009362S,,024052871746,129.99,1009362S,https://homemakersfurniture.github.io/rugDatabase/#/collection/Dunsler/Dunsler
Ashley,Kilkenny,5.3' x 7.3',Kilkenny,671569,,024052788327,119.99,671569,https://homemakersfurniture.github.io/rugDatabase/#/collection/Kilkenny/Kilkenny
Ashley,Larkport,8' x 10',Larkport,1006496S,,024052933840,179.99,1006496S,https://homemakersfurniture.github.io/rugDatabase/#/collection/Larkport/Larkport
Ashley,Kencher,8' x 10',Kencher,13565S,,024052891447,319.99,13565S,https://homemakersfurniture.github.io/rugDatabase/#/collection/Kencher/Kencher
Ashley,Wrenstow,7.10' x 10.3',Wrenstow,607299,,024052788273,129.99,607299,https://homemakersfurniture.github.io/rugDatabase/#/collection/Wrenstow/Wrenstow
Ashley,Jarrpage,8' x 10',Jarrpage,1009360S,,024052872002,149.99,1009360S,https://homemakersfurniture.github.io/rugDatabase/#/collection/Jarrpage/Jarrpage
Ashley,Clayman,9' x 12',Clayman,1010139S,,024052967241,799.99,1010139S,https://homemakersfurniture.github.io/rugDatabase/#/collection/Clayman/Clayman
Ashley,Uduak,5' x 8',Uduak,1009581S,,024052967128,99.99,1009581S,https://homemakersfurniture.github.io/rugDatabase/#/collection/Uduak/Uduak
Ashley,Raif,9' x 12',Raif,1009579S,,024052967081,519.99,1009579S,https://homemakersfurniture.github.io/rugDatabase/#/collection/Raif/Raif
Ashley,Kencher,5' x 8',Kencher,13561S,,024052891454,139.99,13561S,https://homemakersfurniture.github.io/rugDatabase/#/collection/Kencher/Kencher
Ashley,Brettler,8' x 10',Brettler,13556S,,024052891393,279.99,13556S,https://homemakersfurniture.github.io/rugDatabase/#/collection/Brettler/Brettler
Ashley,Brettler,5' x 6.9',Brettler,13553S,,024052891409,119.99,13553S,https://homemakersfurniture.github.io/rugDatabase/#/collection/Brettler/Brettler
Ashley,Guintte,8.2' x 9.6',Guintte,312S,,024052535495,239.99,312S,https://homemakersfurniture.github.io/rugDatabase/#/collection/Guintte/Guintte
Ashley,Emorymore,10' x 14',Emorymore,1002258S,,024052924893,669.99,1002258S,https://homemakersfurniture.github.io/rugDatabase/#/collection/Emorymore/Emorymore
Ashley,Dallane,8' x 10',Dallane,5667S,,024052872408,379.99,5667S,https://homemakersfurniture.github.io/rugDatabase/#/collection/Dallane/Dallane
Ashley,Chanleigh,5' x 7',Chanleigh,1006464S,,024052933796,89.99,1006464S,https://homemakersfurniture.github.io/rugDatabase/#/collection/Chanleigh/Chanleigh
Ashley,Gibbswell,8' x 10',Gibbswell,1006463S,,024052935493,289.99,1006463S,https://homemakersfurniture.github.io/rugDatabase/#/collection/Gibbswell/Gibbswell
Ashley,Brickburgh,10' x 14',Brickburgh,13574S,,024052891584,599.99,13574S,https://homemakersfurniture.github.io/rugDatabase/#/collection/Brickburgh/Brickburgh
Ashley,Fenriston,5' x 8',Fenriston,1010122S,,024052967234,89.99,1010122S,https://homemakersfurniture.github.io/rugDatabase/#/collection/Fenriston/Fenriston
Ashley,Brettler,10' x 14',Brettler,13559S,,024052891386,499.99,13559S,https://homemakersfurniture.github.io/rugDatabase/#/collection/Brettler/Brettler
Ashley,Gentor,8' x 10',Gentor,1002281S,,024052872583,199.99,1002281S,https://homemakersfurniture.github.io/rugDatabase/#/collection/Gentor/Gentor
Ashley,Clayman,5' x 7',Clayman,1010134S,,024052967265,249.99,1010134S,https://homemakersfurniture.github.io/rugDatabase/#/collection/Clayman/Clayman
Ashley,Daddridge,8' x 10',Daddridge,1009358S,,024052872071,149.99,1009358S,https://homemakersfurniture.github.io/rugDatabase/#/collection/Daddridge/Daddridge
Ashley,Ladstoney,8' x 10',Ladstoney,1009149S,,024052944105,349.99,1009149S,https://homemakersfurniture.github.io/rugDatabase/#/collection/Ladstoney/Ladstoney
Ashley,Qaabiz,7.8' x 10',Qaabiz,1006509S,,024052944129,339.99,1006509S,https://homemakersfurniture.github.io/rugDatabase/#/collection/Qaabiz/Qaabiz
Ashley,Bramshaw,8' x 10',Bramshaw,13522S,,024052891317,249.99,13522S,https://homemakersfurniture.github.io/rugDatabase/#/collection/Bramshaw/Bramshaw
Ashley,Raif,5' x 8',Raif,1009578S,,024052967104,169.99,1009578S,https://homemakersfurniture.github.io/rugDatabase/#/collection/Raif/Raif
Ashley,Wraylen,5.3' x 7',Wraylen,1009367S,,024052788938,69.99,1009367S,https://homemakersfurniture.github.io/rugDatabase/#/collection/Wraylen/Wraylen
Ashley,Beritham,5' x 7',Beritham,1002279S,,024052924817,89.99,1002279S,https://homemakersfurniture.github.io/rugDatabase/#/collection/Beritham/Beritham
Ashley,Guyford,5' x 7',Guyford,1002844S,,024052891553,129.99,1002844S,https://homemakersfurniture.github.io/rugDatabase/#/collection/Guyford/Guyford
Ashley,Leesdale,8' x 10',Leesdale,14322S,,024052872545,249.99,14322S,https://homemakersfurniture.github.io/rugDatabase/#/collection/Leesdale/Leesdale
Ashley,Daddridge,5' x 7',Daddridge,1009359S,,024052872132,79.99,1009359S,https://homemakersfurniture.github.io/rugDatabase/#/collection/Daddridge/Daddridge
Ashley,Lambworth,5.3' x 7',Lambworth,713786,,024052826722,139.99,713786,https://homemakersfurniture.github.io/rugDatabase/#/collection/Lambworth/Lambworth
Ashley,Brickburgh,8' x 10',Brickburgh,13568S,,024052891591,339.99,13568S,https://homemakersfurniture.github.io/rugDatabase/#/collection/Brickburgh/Brickburgh
Ashley,Jarrpage,5' x 7',Jarrpage,1009361S,,024052872064,79.99,1009361S,https://homemakersfurniture.github.io/rugDatabase/#/collection/Jarrpage/Jarrpage
Ashley,Leonelle,7.10' x 10',Leonelle,607369,,024052788570,199.99,607369,https://homemakersfurniture.github.io/rugDatabase/#/collection/Leonelle/Leonelle
Ashley,Hessland,5' x 7',Hessland,17857S,,024052913934,79.99,17857S,https://homemakersfurniture.github.io/rugDatabase/#/collection/Hessland/Hessland
Ashley,Truward,8' x 10',Truward,5712S,,024052884678,259.99,5712S,https://homemakersfurniture.github.io/rugDatabase/#/collection/Truward/Truward
Ashley,Guintte,5' x 7',Guintte,313S,,024052535501,119.99,313S,https://homemakersfurniture.github.io/rugDatabase/#/collection/Guintte/Guintte
Ashley,Mazatl,7.10' x 10.2',Mazatl,607377,,024052788297,209.99,607377,https://homemakersfurniture.github.io/rugDatabase/#/collection/Mazatl/Mazatl
Ashley,Farrendale,5' x 7',Farrendale,1006466S,,024052933819,89.99,1006466S,https://homemakersfurniture.github.io/rugDatabase/#/collection/Farrendale/Farrendale
Ashley,Langwell,5.2' x 6.9',Langwell,13531S,,024052891379,99.99,13531S,https://homemakersfurniture.github.io/rugDatabase/#/collection/Langwell/Langwell
Ashley,Gatwell,5' x 8',Gatwell,7957S,,024052872576,99.99,7957S,https://homemakersfurniture.github.io/rugDatabase/#/collection/Gatwell/Gatwell
Ashley,Wrenstow,5.3' x 7.3',Wrenstow,607304,,024052788280,69.99,607304,https://homemakersfurniture.github.io/rugDatabase/#/collection/Wrenstow/Wrenstow
Ashley,Arlenmont,7.6' x 9.6',Arlenmont,1006501S,,024052944051,349.99,1006501S,https://homemakersfurniture.github.io/rugDatabase/#/collection/Arlenmont/Arlenmont
Ashley,Maconville,5' x 7',Maconville,1000392S,,024052925234,89.99,1000392S,https://homemakersfurniture.github.io/rugDatabase/#/collection/Maconville/Maconville
Ashley,Arloman,5' x 7',Arloman,713779,,024052841503,119.99,713779,https://homemakersfurniture.github.io/rugDatabase/#/collection/Arloman/Arloman
Ashley,Maconville,8' x 10',Maconville,1000393S,,024052925227,189.99,1000393S,https://homemakersfurniture.github.io/rugDatabase/#/collection/Maconville/Maconville
Ashley,Malvinsboro,5' x 7',Malvinsboro,1005416S,,024052933949,139.99,1005416S,https://homemakersfurniture.github.io/rugDatabase/#/collection/Malvinsboro/Malvinsboro
Ashley,Hessland,8' x 10',Hessland,17859S,,024052913927,159.99,17859S,https://homemakersfurniture.github.io/rugDatabase/#/collection/Hessland/Hessland
Ashley,Edrickhill,5' x 7',Edrickhill,1002284S,,024052914030,159.99,1002284S,https://homemakersfurniture.github.io/rugDatabase/#/collection/Edrickhill/Edrickhill
Ashley,Gizela,7.10' x 10',Gizela,607341,,024052788402,177.99,607341,https://homemakersfurniture.github.io/rugDatabase/#/collection/Gizela/Gizela
Ashley,Farrendale,8' x 10',Farrendale,1006467S,,024052933802,179.99,1006467S,https://homemakersfurniture.github.io/rugDatabase/#/collection/Farrendale/Farrendale
Ashley,Cayworth,8' x 10',Cayworth,17856S,,024052914009,279.99,17856S,https://homemakersfurniture.github.io/rugDatabase/#/collection/Cayworth/Cayworth
Ashley,Arlenmont,5' x 7',Arlenmont,1006500S,,024052944068,169.99,1006500S,https://homemakersfurniture.github.io/rugDatabase/#/collection/Arlenmont/Arlenmont
Ashley,Bramshaw,10' x 14',Bramshaw,13524S,,024052891300,459.99,13524S,https://homemakersfurniture.github.io/rugDatabase/#/collection/Bramshaw/Bramshaw
Ashley,Barricland,8' x 10',Barricland,1010114S,,024052967203,249.99,1010114S,https://homemakersfurniture.github.io/rugDatabase/#/collection/Barricland/Barricland
Ashley,Bramshaw,5' x 8',Bramshaw,13520S,,024052891324,119.99,13520S,https://homemakersfurniture.github.io/rugDatabase/#/collection/Bramshaw/Bramshaw
Ashley,Kilkenny,7.10' x 10.2',Kilkenny,671570,,024052788310,199.99,671570,https://homemakersfurniture.github.io/rugDatabase/#/collection/Kilkenny/Kilkenny
Ashley,Wimney,5' x 7',Wimney,1002277S,,024052924862,169.99,1002277S,https://homemakersfurniture.github.io/rugDatabase/#/collection/Wimney/Wimney
Ashley,Thomley,8' x 10',Thomley,1001984S,,024052871944,119.0,1001984S,https://homemakersfurniture.github.io/rugDatabase/#/collection/Thomley/Thomley
Ashley,Barricland,10' x 13',Barricland,1010118S,,024052968651,419.99,1010118S,https://homemakersfurniture.github.io/rugDatabase/#/collection/Barricland/Barricland
Ashley,Fenriston,8' x 10',Fenriston,1010120S,,024052967227,179.99,1010120S,https://homemakersfurniture.github.io/rugDatabase/#/collection/Fenriston/Fenriston
Ashley,Mazatl,5.3' x 7.3',Mazatl,607379,,024052788303,109.99,607379,https://homemakersfurniture.github.io/rugDatabase/#/collection/Mazatl/Mazatl
Ashley,Anburgh,8' x 10',Anburgh,1000396S,,024052925289,239.99,1000396S,https://homemakersfurniture.github.io/rugDatabase/#/collection/Anburgh/Anburgh
Ashley,Greg,5.2' x 6.10',Greg,713776,,024052841244,99.99,713776,https://homemakersfurniture.github.io/rugDatabase/#/collection/Greg/Greg
Ashley,Ladstoney,5' x 7',Ladstoney,1006504S,,024052944112,169.99,1006504S,https://homemakersfurniture.github.io/rugDatabase/#/collection/Ladstoney/Ladstoney
Ashley,Rossbury,9' x 12',Rossbury,1009570S,,024052966992,499.99,1009570S,https://homemakersfurniture.github.io/rugDatabase/#/collection/Rossbury/Rossbury
Ashley,Garyard,5' x 7',Garyard,713774,,024052841169,99.99,713774,https://homemakersfurniture.github.io/rugDatabase/#/collection/Garyard/Garyard
Ashley,Davismour,7.8' x 10',Davismour,1006507S,,024052944198,319.99,1006507S,https://homemakersfurniture.github.io/rugDatabase/#/collection/Davismour/Davismour
Ashley,Clayman,8' x 10',Clayman,1010137S,,024052967258,579.99,1010137S,https://homemakersfurniture.github.io/rugDatabase/#/collection/Clayman/Clayman
Ashley,Orest,9' x 12',Orest,1009574S,,024052967029,669.99,1009574S,https://homemakersfurniture.github.io/rugDatabase/#/collection/Orest/Orest
Ashley,Gerdie,5.3' x 7.3',Gerdie,607368,,024052788815,88.99,607368,https://homemakersfurniture.github.io/rugDatabase/#/collection/Gerdie/Gerdie
Ashley,Tobinbury,5' x 7',Tobinbury,1006468S,,024052933871,89.99,1006468S,https://homemakersfurniture.github.io/rugDatabase/#/collection/Tobinbury/Tobinbury
Ashley,Emorymore,8' x 10',Emorymore,1002271S,,024052924909,379.99,1002271S,https://homemakersfurniture.github.io/rugDatabase/#/collection/Emorymore/Emorymore
Ashley,Gibbswell,5' x 7',Gibbswell,1006462S,,024052935509,139.99,1006462S,https://homemakersfurniture.github.io/rugDatabase/#/collection/Gibbswell/Gibbswell
Ashley,Brycebourne,5.3' x 7.3',Brycebourne,607388,,024052788792,119.99,607388,https://homemakersfurniture.github.io/rugDatabase/#/collection/Brycebourne/Brycebourne
Ashley,Gerdie,7.10' x 10',Gerdie,607365,,024052788808,177.99,607365,https://homemakersfurniture.github.io/rugDatabase/#/collection/Gerdie/Gerdie
Ashley,Artney,8' x 10',Artney,1005417S,,024052903522,189.99,1005417S,https://homemakersfurniture.github.io/rugDatabase/#/collection/Artney/Artney
Central Oriental,Purple Belmont-CTOR,5' x 7',Purple Belmont-CTOR,678892,,194216013807,139.99,678892,https://homemakersfurniture.github.io/rugDatabase/#/collection/Purple%20Belmont-CTOR/Purple%20Belmont-CTOR
Central Oriental,Blakely-CTOR,7.10' x 9.10',Blakely-CTOR,14545S,,194216101306,429.99,14545S,https://homemakersfurniture.github.io/rugDatabase/#/collection/Blakely-CTOR/Blakely-CTOR
Central Oriental,Blue Velventeen-CTOR,5' x 8',Blue Velventeen-CTOR,15329S,,194216062796,129.99,15329S,https://homemakersfurniture.github.io/rugDatabase/#/collection/Blue%20Velventeen-CTOR/Blue%20Velventeen-CTOR
Central Oriental,Brown Adley Roscoe-CTOR,5' x 8',Brown Adley Roscoe-CTOR,1008642S,,194216181209,189.99,1008642S,https://homemakersfurniture.github.io/rugDatabase/#/collection/Brown%20Adley%20Roscoe-CTOR/Brown%20Adley%20Roscoe-CTOR
Central Oriental,Adley Jones Azure-CTOR,5' x 8',Adley Jones Azure-CTOR,1008640S,,194216181193,189.99,1008640S,https://homemakersfurniture.github.io/rugDatabase/#/collection/Adley%20Jones%20Azure-CTOR/Adley%20Jones%20Azure-CTOR
Central Oriental,Purple Belmont-CTOR,7.6' x 9.6',Purple Belmont-CTOR,678893,,194216013814,269.99,678893,https://homemakersfurniture.github.io/rugDatabase/#/collection/Purple%20Belmont-CTOR/Purple%20Belmont-CTOR
Central Oriental,Tan Lyanna-CTOR,5' x 7.6',Tan Lyanna-CTOR,14547S,,194216062140,209.99,14547S,https://homemakersfurniture.github.io/rugDatabase/#/collection/Tan%20Lyanna-CTOR/Tan%20Lyanna-CTOR
Central Oriental,Black Tulsa-CTOR,5.3' x 7.6',Black Tulsa-CTOR,577829,,038698975973,89.99,577829,https://homemakersfurniture.github.io/rugDatabase/#/collection/Black%20Tulsa-CTOR/Black%20Tulsa-CTOR
Central Oriental,Acton-CTOR,5' x 7.6',Acton-CTOR,14061S,,194216116072,149.99,14061S,https://homemakersfurniture.github.io/rugDatabase/#/collection/Acton-CTOR/Acton-CTOR
Central Oriental,Demi-CTOR,7.10' x 9.10',Demi-CTOR,14533S,,194216062133,429.99,14533S,https://homemakersfurniture.github.io/rugDatabase/#/collection/Demi-CTOR/Demi-CTOR
Central Oriental,Melbourne Blue-CTOR,8' x 10',Melbourne Blue-CTOR,1002863S,,194216080007,169.99,1002863S,https://homemakersfurniture.github.io/rugDatabase/#/collection/Melbourne%20Blue-CTOR/Melbourne%20Blue-CTOR
Central Oriental,Blue Grove Callen-CTOR,8' x 10',Blue Grove Callen-CTOR,1008666S,,194216181414,489.99,1008666S,https://homemakersfurniture.github.io/rugDatabase/#/collection/Blue%20Grove%20Callen-CTOR/Blue%20Grove%20Callen-CTOR
Central Oriental,Cruz-CTOR,5' x 8',Cruz-CTOR,1003484S,,194216140664,139.99,1003484S,https://homemakersfurniture.github.io/rugDatabase/#/collection/Cruz-CTOR/Cruz-CTOR
Central Oriental,Rooted Nella-CTOR,8' x 10',Rooted Nella-CTOR,1008621S,,194216181506,449.99,1008621S,https://homemakersfurniture.github.io/rugDatabase/#/collection/Rooted%20Nella-CTOR/Rooted%20Nella-CTOR
Central Oriental,Gray Tupelo Tessa-CTOR,8' x 10',Gray Tupelo Tessa-CTOR,1008637S,,194216181162,349.99,1008637S,https://homemakersfurniture.github.io/rugDatabase/#/collection/Gray%20Tupelo%20Tessa-CTOR/Gray%20Tupelo%20Tessa-CTOR
Central Oriental,Gray Tulsa-CTOR,7.10' x 9.10',Gray Tulsa-CTOR,577817,,194216004096,199.99,577817,https://homemakersfurniture.github.io/rugDatabase/#/collection/Gray%20Tulsa-CTOR/Gray%20Tulsa-CTOR
Central Oriental,Grove Callen-CTOR,8' x 10',Grove Callen-CTOR,1008662S,,194216181391,489.99,1008662S,https://homemakersfurniture.github.io/rugDatabase/#/collection/Grove%20Callen-CTOR/Grove%20Callen-CTOR
Central Oriental,Tropical Melbourne-CTOR,8' x 10',Tropical Melbourne-CTOR,1002896S,,194216008889,189.99,1002896S,https://homemakersfurniture.github.io/rugDatabase/#/collection/Tropical%20Melbourne-CTOR/Tropical%20Melbourne-CTOR
Central Oriental,Blue Tupelo Farrah-CTOR,5' x 8',Blue Tupelo Farrah-CTOR,1008631S,,194216181070,169.99,1008631S,https://homemakersfurniture.github.io/rugDatabase/#/collection/Blue%20Tupelo%20Farrah-CTOR/Blue%20Tupelo%20Farrah-CTOR
Central Oriental,Tribal Tulsa-CTOR,7.10' x 9.10',Tribal Tulsa-CTOR,577949,,038698975928,199.99,577949,https://homemakersfurniture.github.io/rugDatabase/#/collection/Tribal%20Tulsa-CTOR/Tribal%20Tulsa-CTOR
Central Oriental,Acton-CTOR,7.10' x 9.10',Acton-CTOR,14062S,,194216116089,319.99,14062S,https://homemakersfurniture.github.io/rugDatabase/#/collection/Acton-CTOR/Acton-CTOR
Central Oriental,Reyna-CTOR,7.10' x 9.10',Reyna-CTOR,14563S,,194216062171,429.99,14563S,https://homemakersfurniture.github.io/rugDatabase/#/collection/Reyna-CTOR/Reyna-CTOR
Central Oriental,Kesden-CTOR,8' x 10',Kesden-CTOR,1003480S,,194216002986,359.99,1003480S,https://homemakersfurniture.github.io/rugDatabase/#/collection/Kesden-CTOR/Kesden-CTOR
Central Oriental,Black Angora-CTOR,5' x 7',Black Angora-CTOR,1005357S,,194216164127,229.99,1005357S,https://homemakersfurniture.github.io/rugDatabase/#/collection/Black%20Angora-CTOR/Black%20Angora-CTOR
Central Oriental,Blue Minerva-CTOR,5' x 7.3',Blue Minerva-CTOR,577775,,038698993434,119.99,577775,https://homemakersfurniture.github.io/rugDatabase/#/collection/Blue%20Minerva-CTOR/Blue%20Minerva-CTOR
Central Oriental,Neville-CTOR,5' x 8',Neville-CTOR,1003451S,,194216163670,139.99,1003451S,https://homemakersfurniture.github.io/rugDatabase/#/collection/Neville-CTOR/Neville-CTOR
Central Oriental,Faux Fox-CTOR,5' x 7',Faux Fox-CTOR,14393S,,194216145645,229.99,14393S,https://homemakersfurniture.github.io/rugDatabase/#/collection/Faux%20Fox-CTOR/Faux%20Fox-CTOR
Central Oriental,Blue Mod Tulsa-CTOR,7.10' x 9.10',Blue Mod Tulsa-CTOR,577821,,038698975843,199.99,577821,https://homemakersfurniture.github.io/rugDatabase/#/collection/Blue%20Mod%20Tulsa-CTOR/Blue%20Mod%20Tulsa-CTOR
Central Oriental,Angora-CTOR,5' x 7',Angora-CTOR,1005363S,,194216164103,229.99,1005363S,https://homemakersfurniture.github.io/rugDatabase/#/collection/Angora-CTOR/Angora-CTOR
Central Oriental,Lylah-CTOR,7.10' x 9.10',Lylah-CTOR,14561S,,194216062119,429.99,14561S,https://homemakersfurniture.github.io/rugDatabase/#/collection/Lylah-CTOR/Lylah-CTOR
Central Oriental,Adley Elizabeth-CTOR,8' x 10',Adley Elizabeth-CTOR,1008596S,,194216181254,379.99,1008596S,https://homemakersfurniture.github.io/rugDatabase/#/collection/Adley%20Elizabeth-CTOR/Adley%20Elizabeth-CTOR
Central Oriental,Alette-CTOR,7.10' Round,Alette-CTOR,14523S,,194216103393,279.99,14523S,https://homemakersfurniture.github.io/rugDatabase/#/collection/Alette-CTOR/Alette-CTOR
Central Oriental,Reni-CTOR,7.10' x 9.10',Reni-CTOR,14623S,,194216065189,429.99,14623S,https://homemakersfurniture.github.io/rugDatabase/#/collection/Reni-CTOR/Reni-CTOR
Central Oriental,Multi Tulsa1-CTOR,7.10' x 9.10',Multi Tulsa1-CTOR,577934,,038698976123,199.99,577934,https://homemakersfurniture.github.io/rugDatabase/#/collection/Multi%20Tulsa1-CTOR/Multi%20Tulsa1-CTOR
Central Oriental,Tan Grove Callum-CTOR,5' x 8',Tan Grove Callum-CTOR,1008669S,,194216181315,239.99,1008669S,https://homemakersfurniture.github.io/rugDatabase/#/collection/Tan%20Grove%20Callum-CTOR/Tan%20Grove%20Callum-CTOR
Central Oriental,Tropical Melbourne-CTOR,5' x 8',Tropical Melbourne-CTOR,1002895S,,194216129720,99.99,1002895S,https://homemakersfurniture.github.io/rugDatabase/#/collection/Tropical%20Melbourne-CTOR/Tropical%20Melbourne-CTOR
Central Oriental,Tupelo-CTOR,8' x 10',Tupelo-CTOR,1008590S,,194216181117,349.99,1008590S,https://homemakersfurniture.github.io/rugDatabase/#/collection/Tupelo-CTOR/Tupelo-CTOR
Central Oriental,Grass-Ctro,5' x 8',Grass-Ctro,757009,,194216093984,89.99,757009,https://homemakersfurniture.github.io/rugDatabase/#/collection/Grass-Ctro/Grass-Ctro
Central Oriental,Contmp Santorini-CTOR,5.3' x 7.7',Contmp Santorini-CTOR,368602,,038698841100,99.99,368602,https://homemakersfurniture.github.io/rugDatabase/#/collection/Contmp%20Santorini-CTOR/Contmp%20Santorini-CTOR
Central Oriental,Blue Belmont-CTOR,5' x 7',Blue Belmont-CTOR,678885,,194216013890,139.99,678885,https://homemakersfurniture.github.io/rugDatabase/#/collection/Blue%20Belmont-CTOR/Blue%20Belmont-CTOR
Central Oriental,Gray Talia-CTOR,5' x 7',Gray Talia-CTOR,1006026S,,194216165865,219.99,1006026S,https://homemakersfurniture.github.io/rugDatabase/#/collection/Gray%20Talia-CTOR/Gray%20Talia-CTOR
Central Oriental,Tulsa2-CTOR,5.3' x 7.6',Tulsa2-CTOR,577931,,038698976093,89.99,577931,https://homemakersfurniture.github.io/rugDatabase/#/collection/Tulsa2-CTOR/Tulsa2-CTOR
Central Oriental,Demi-CTOR,5' x 7.6',Demi-CTOR,14532S,,194216062126,209.99,14532S,https://homemakersfurniture.github.io/rugDatabase/#/collection/Demi-CTOR/Demi-CTOR
Central Oriental,Stonington-CTOR,8' x 10',Stonington-CTOR,1003464S,,194216150618,439.99,1003464S,https://homemakersfurniture.github.io/rugDatabase/#/collection/Stonington-CTOR/Stonington-CTOR
Central Oriental,Maisie-CTOR,5' x 7.6',Maisie-CTOR,474846,,038698935830,189.99,474846,https://homemakersfurniture.github.io/rugDatabase/#/collection/Maisie-CTOR/Maisie-CTOR
Central Oriental,Maisie-CTOR,7.10' x 9.10',Maisie-CTOR,516905,,38698980908,389.99,516905,https://homemakersfurniture.github.io/rugDatabase/#/collection/Maisie-CTOR/Maisie-CTOR
Central Oriental,Silver Angelo-CTOR,5' x 8',Silver Angelo-CTOR,1003453S,,194216163694,209.99,1003453S,https://homemakersfurniture.github.io/rugDatabase/#/collection/Silver%20Angelo-CTOR/Silver%20Angelo-CTOR
Central Oriental,Searcy-CTOR,6.7' x 9',Searcy-CTOR,14688S,,194216125050,339.99,14688S,https://homemakersfurniture.github.io/rugDatabase/#/collection/Searcy-CTOR/Searcy-CTOR
Central Oriental,Xander-CTOR,8' x 10',Xander-CTOR,1003500S,,194216099146,329.99,1003500S,https://homemakersfurniture.github.io/rugDatabase/#/collection/Xander-CTOR/Xander-CTOR
Central Oriental,Gray Bebel Faux Fur-CTOR,7.6' x 9.6',Gray Bebel Faux Fur-CTOR,14073S,,194216108824,449.99,14073S,https://homemakersfurniture.github.io/rugDatabase/#/collection/Gray%20Bebel%20Faux%20Fur-CTOR/Gray%20Bebel%20Faux%20Fur-CTOR
Central Oriental,Rooted Flora-CTOR,8' x 10',Rooted Flora-CTOR,1008586S,,194216181483,449.99,1008586S,https://homemakersfurniture.github.io/rugDatabase/#/collection/Rooted%20Flora-CTOR/Rooted%20Flora-CTOR
Central Oriental,Kylan-CTOR,5' x 7.6',Kylan-CTOR,14536S,,19421606289,209.99,14536S,https://homemakersfurniture.github.io/rugDatabase/#/collection/Kylan-CTOR/Kylan-CTOR
Central Oriental,Green Adley Roscoe-CTOR,8' x 10',Green Adley Roscoe-CTOR,1008652S,,194216181278,379.99,1008652S,https://homemakersfurniture.github.io/rugDatabase/#/collection/Green%20Adley%20Roscoe-CTOR/Green%20Adley%20Roscoe-CTOR
Central Oriental,Alpaca-CTOR,5' x 7',Alpaca-CTOR,368666,,038698857439,239.99,368666,https://homemakersfurniture.github.io/rugDatabase/#/collection/Alpaca-CTOR/Alpaca-CTOR
Central Oriental,Azariah-CTOR,7.10' x 9.10',Azariah-CTOR,14518S,,194216062195,429.99,14518S,https://homemakersfurniture.github.io/rugDatabase/#/collection/Azariah-CTOR/Azariah-CTOR
Central Oriental,Multi Velventeen-CTOR,2.3' x 6',Multi Velventeen-CTOR,15343S,,194216098811,59.99,15343S,https://homemakersfurniture.github.io/rugDatabase/#/collection/Multi%20Velventeen-CTOR/Multi%20Velventeen-CTOR
Central Oriental,Santorini-CTOR,5.3' x 7.7',Santorini-CTOR,368568,,038698843654,99.99,368568,https://homemakersfurniture.github.io/rugDatabase/#/collection/Santorini-CTOR/Santorini-CTOR
Central Oriental,Green Adley Roscoe-CTOR,5' x 8',Green Adley Roscoe-CTOR,1008645S,,194216181216,189.99,1008645S,https://homemakersfurniture.github.io/rugDatabase/#/collection/Green%20Adley%20Roscoe-CTOR/Green%20Adley%20Roscoe-CTOR
Central Oriental,Brigitta-CTOR,5' x 8',Brigitta-CTOR,1003486S,,194216140671,139.99,1003486S,https://homemakersfurniture.github.io/rugDatabase/#/collection/Brigitta-CTOR/Brigitta-CTOR
Central Oriental,Maisie-CTOR,7.10' x 9.10',Maisie-CTOR,1006276S,,038698935984,459.99,1006276S,https://homemakersfurniture.github.io/rugDatabase/#/collection/Maisie-CTOR/Maisie-CTOR
Central Oriental,Pedro-CTOR,8' x 10',Pedro-CTOR,1003458S,,194216164431,439.99,1003458S,https://homemakersfurniture.github.io/rugDatabase/#/collection/Pedro-CTOR/Pedro-CTOR
Central Oriental,Lt Velventeen-CTOR,5' x 8',Lt Velventeen-CTOR,15352S,,194216063918,129.99,15352S,https://homemakersfurniture.github.io/rugDatabase/#/collection/Lt%20Velventeen-CTOR/Lt%20Velventeen-CTOR
Central Oriental,Blue Mod Tulsa-CTOR,5.3' x 7.6',Blue Mod Tulsa-CTOR,577820,,038698975836,89.99,577820,https://homemakersfurniture.github.io/rugDatabase/#/collection/Blue%20Mod%20Tulsa-CTOR/Blue%20Mod%20Tulsa-CTOR
Central Oriental,Tan Grove Callum-CTOR,8' x 10',Tan Grove Callum-CTOR,1008670S,,194216181377,489.99,1008670S,https://homemakersfurniture.github.io/rugDatabase/#/collection/Tan%20Grove%20Callum-CTOR/Tan%20Grove%20Callum-CTOR
Central Oriental,Nikita-CTOR,7.10' Round,Nikita-CTOR,14525S,,194216103416,279.99,14525S,https://homemakersfurniture.github.io/rugDatabase/#/collection/Nikita-CTOR/Nikita-CTOR
Central Oriental,Winsley-CTOR,5' x 8',Winsley-CTOR,1003482S,,038698980243,189.99,1003482S,https://homemakersfurniture.github.io/rugDatabase/#/collection/Winsley-CTOR/Winsley-CTOR
Central Oriental,Tidewater-CTOR,8' x 10',Tidewater-CTOR,1003448S,,194216163649,399.99,1003448S,https://homemakersfurniture.github.io/rugDatabase/#/collection/Tidewater-CTOR/Tidewater-CTOR
Central Oriental,Talia-CTOR,8' x 10',Talia-CTOR,1006032S,,194216165872,429.99,1006032S,https://homemakersfurniture.github.io/rugDatabase/#/collection/Talia-CTOR/Talia-CTOR
Central Oriental,Multi Tulsa-CTOR,7.10' x 9.10',Multi Tulsa-CTOR,577832,,038698975881,199.99,577832,https://homemakersfurniture.github.io/rugDatabase/#/collection/Multi%20Tulsa-CTOR/Multi%20Tulsa-CTOR
Central Oriental,Multi Colorscape-CTOR,5' x 8',Multi Colorscape-CTOR,1002887S,,194216162499,99.99,1002887S,https://homemakersfurniture.github.io/rugDatabase/#/collection/Multi%20Colorscape-CTOR/Multi%20Colorscape-CTOR
Central Oriental,Maisie-CTOR,2' x 8',Maisie-CTOR,1006275S,,194216050321,79.99,1006275S,https://homemakersfurniture.github.io/rugDatabase/#/collection/Maisie-CTOR/Maisie-CTOR
Central Oriental,Tan Grove Callum-CTOR,8' x 10',Tan Grove Callum-CTOR,1008668S,,194216181360,489.99,1008668S,https://homemakersfurniture.github.io/rugDatabase/#/collection/Tan%20Grove%20Callum-CTOR/Tan%20Grove%20Callum-CTOR
Central Oriental,Sianna-CTOR,5' x 7.6',Sianna-CTOR,14628S,,194216066223,209.99,14628S,https://homemakersfurniture.github.io/rugDatabase/#/collection/Sianna-CTOR/Sianna-CTOR
Central Oriental,Tan Stonington-CTOR,8' x 10',Tan Stonington-CTOR,1003460S,,194216098668,439.99,1003460S,https://homemakersfurniture.github.io/rugDatabase/#/collection/Tan%20Stonington-CTOR/Tan%20Stonington-CTOR
Central Oriental,Angora-CTOR,8' x 10',Angora-CTOR,1005364S,,194216164134,429.99,1005364S,https://homemakersfurniture.github.io/rugDatabase/#/collection/Angora-CTOR/Angora-CTOR
Central Oriental,Black Angora-CTOR,8' x 10',Black Angora-CTOR,1005358S,,194216164158,429.99,1005358S,https://homemakersfurniture.github.io/rugDatabase/#/collection/Black%20Angora-CTOR/Black%20Angora-CTOR
Central Oriental,Adley Rafferty-CTOR,8' x 10',Adley Rafferty-CTOR,1008655S,,194216181285,379.99,1008655S,https://homemakersfurniture.github.io/rugDatabase/#/collection/Adley%20Rafferty-CTOR/Adley%20Rafferty-CTOR
Central Oriental,Gray Tupelo Tessa-CTOR,5' x 8',Gray Tupelo Tessa-CTOR,1008636S,,194216181094,169.99,1008636S,https://homemakersfurniture.github.io/rugDatabase/#/collection/Gray%20Tupelo%20Tessa-CTOR/Gray%20Tupelo%20Tessa-CTOR
Central Oriental,Tupelo-CTOR,5' x 8',Tupelo-CTOR,1008589S,,194216181049,169.99,1008589S,https://homemakersfurniture.github.io/rugDatabase/#/collection/Tupelo-CTOR/Tupelo-CTOR
Central Oriental,Cream Angora-CTOR,5' x 7',Cream Angora-CTOR,1005355S,,194216164080,229.99,1005355S,https://homemakersfurniture.github.io/rugDatabase/#/collection/Cream%20Angora-CTOR/Cream%20Angora-CTOR
Central Oriental,Tidewater-CTOR,5' x 8',Tidewater-CTOR,1003437S,,194216163632,189.99,1003437S,https://homemakersfurniture.github.io/rugDatabase/#/collection/Tidewater-CTOR/Tidewater-CTOR
Central Oriental,Belmont-CTOR,7.6' x 9.6',Belmont-CTOR,678889,,194216013845,269.99,678889,https://homemakersfurniture.github.io/rugDatabase/#/collection/Belmont-CTOR/Belmont-CTOR
Central Oriental,Azariah-CTOR,5' x 7.6',Azariah-CTOR,14517S,,194216103386,209.99,14517S,https://homemakersfurniture.github.io/rugDatabase/#/collection/Azariah-CTOR/Azariah-CTOR
Central Oriental,Gray Structures-CTOR,8' x 10',Gray Structures-CTOR,1003483S,,038698980250,419.99,1003483S,https://homemakersfurniture.github.io/rugDatabase/#/collection/Gray%20Structures-CTOR/Gray%20Structures-CTOR
Central Oriental,Alette-CTOR,5' x 7.6',Alette-CTOR,14521S,,194216098613,209.99,14521S,https://homemakersfurniture.github.io/rugDatabase/#/collection/Alette-CTOR/Alette-CTOR
Central Oriental,Boho Colorscape-CTOR,5' x 8',Boho Colorscape-CTOR,1002839S,,194216124268,99.99,1002839S,https://homemakersfurniture.github.io/rugDatabase/#/collection/Boho%20Colorscape-CTOR/Boho%20Colorscape-CTOR
Central Oriental,Blue Adley Rafferty-CTOR,5' x 8',Blue Adley Rafferty-CTOR,1008656S,,194216181230,189.99,1008656S,https://homemakersfurniture.github.io/rugDatabase/#/collection/Blue%20Adley%20Rafferty-CTOR/Blue%20Adley%20Rafferty-CTOR
Central Oriental,Belgian Faux Fur-CTOR,7.6' x 9.6',Belgian Faux Fur-CTOR,14397S,,194216145454,449.99,14397S,https://homemakersfurniture.github.io/rugDatabase/#/collection/Belgian%20Faux%20Fur-CTOR/Belgian%20Faux%20Fur-CTOR
Central Oriental,Multi Colorscape-CTOR,8' x 10',Multi Colorscape-CTOR,1002894S,,194216162567,199.99,1002894S,https://homemakersfurniture.github.io/rugDatabase/#/collection/Multi%20Colorscape-CTOR/Multi%20Colorscape-CTOR
Central Oriental,Amara-CTOR,5' x 7.6',Amara-CTOR,14624S,,194216054978,209.99,14624S,https://homemakersfurniture.github.io/rugDatabase/#/collection/Amara-CTOR/Amara-CTOR
Central Oriental,Black Belgian Faux Fur-CTOR,7.6' x 9.6',Black Belgian Faux Fur-CTOR,14389S,,194216145461,449.99,14389S,https://homemakersfurniture.github.io/rugDatabase/#/collection/Black%20Belgian%20Faux%20Fur-CTOR/Black%20Belgian%20Faux%20Fur-CTOR
Central Oriental,Lt Velventeen-CTOR,2.3' x 6',Lt Velventeen-CTOR,15351S,,194216098880,59.99,15351S,https://homemakersfurniture.github.io/rugDatabase/#/collection/Lt%20Velventeen-CTOR/Lt%20Velventeen-CTOR
Central Oriental,Tan Tupelo Tessa-CTOR,5' x 8',Tan Tupelo Tessa-CTOR,1008638S,,194216181100,169.99,1008638S,https://homemakersfurniture.github.io/rugDatabase/#/collection/Tan%20Tupelo%20Tessa-CTOR/Tan%20Tupelo%20Tessa-CTOR
Central Oriental,Drk Velventeen-CTOR,2.3' x 6',Drk Velventeen-CTOR,15347S,,194216098873,59.99,15347S,https://homemakersfurniture.github.io/rugDatabase/#/collection/Drk%20Velventeen-CTOR/Drk%20Velventeen-CTOR
Central Oriental,Melbourne-CTOR,3' x 5',Melbourne-CTOR,1002905S,,194216079940,49.99,1002905S,https://homemakersfurniture.github.io/rugDatabase/#/collection/Melbourne-CTOR/Melbourne-CTOR
Central Oriental,Reyna-CTOR,5' x 7.6',Reyna-CTOR,14562S,,194216062164,209.99,14562S,https://homemakersfurniture.github.io/rugDatabase/#/collection/Reyna-CTOR/Reyna-CTOR
Central Oriental,Silas-CTOR,7.10' x 9.10',Silas-CTOR,14627S,,194216054961,429.99,14627S,https://homemakersfurniture.github.io/rugDatabase/#/collection/Silas-CTOR/Silas-CTOR
Central Oriental,Cream Tupelo Farrah-CTOR,8' x 10',Cream Tupelo Farrah-CTOR,1008628S,,194216181063,349.99,1008628S,https://homemakersfurniture.github.io/rugDatabase/#/collection/Cream%20Tupelo%20Farrah-CTOR/Cream%20Tupelo%20Farrah-CTOR
Central Oriental,Gray Velventeen-CTOR,2.3' x 6',Gray Velventeen-CTOR,15345S,,194216098842,59.99,15345S,https://homemakersfurniture.github.io/rugDatabase/#/collection/Gray%20Velventeen-CTOR/Gray%20Velventeen-CTOR
Central Oriental,Ivory Bebel Faux Fur-CTOR,5' x 7',Ivory Bebel Faux Fur-CTOR,14069S,,194216108763,229.99,14069S,https://homemakersfurniture.github.io/rugDatabase/#/collection/Ivory%20Bebel%20Faux%20Fur-CTOR/Ivory%20Bebel%20Faux%20Fur-CTOR
Central Oriental,Corso Azzurro 2-CTOR,5' x 7.6',Corso Azzurro 2-CTOR,678904,,038698867766,109.99,678904,https://homemakersfurniture.github.io/rugDatabase/#/collection/Corso%20Azzurro%202-CTOR/Corso%20Azzurro%202-CTOR
Central Oriental,Gray Corso Azzurro1-CTOR,5' x 7.6',Gray Corso Azzurro1-CTOR,678899,,038698867773,109.99,678899,https://homemakersfurniture.github.io/rugDatabase/#/collection/Gray%20Corso%20Azzurro1-CTOR/Gray%20Corso%20Azzurro1-CTOR
Central Oriental,Aslan-CTOR,7.10' x 9.10',Aslan-CTOR,14632S,,194216124299,429.99,14632S,https://homemakersfurniture.github.io/rugDatabase/#/collection/Aslan-CTOR/Aslan-CTOR
Central Oriental,Ivory Bebel Faux Fur-CTOR,7.6' x 9.6',Ivory Bebel Faux Fur-CTOR,14072S,,194216108817,449.99,14072S,https://homemakersfurniture.github.io/rugDatabase/#/collection/Ivory%20Bebel%20Faux%20Fur-CTOR/Ivory%20Bebel%20Faux%20Fur-CTOR
Central Oriental,Tan Lilith-CTOR,7.10' x 9.10',Tan Lilith-CTOR,14540S,,194216062218,429.99,14540S,https://homemakersfurniture.github.io/rugDatabase/#/collection/Tan%20Lilith-CTOR/Tan%20Lilith-CTOR
Central Oriental,Gray Minerva-CTOR,5' x 7.3',Gray Minerva-CTOR,577787,,038698993472,119.99,577787,https://homemakersfurniture.github.io/rugDatabase/#/collection/Gray%20Minerva-CTOR/Gray%20Minerva-CTOR
Central Oriental,Santorini 2-CTOR,7.10' x 9.10',Santorini 2-CTOR,368648,,038698846112,169.99,368648,https://homemakersfurniture.github.io/rugDatabase/#/collection/Santorini%202-CTOR/Santorini%202-CTOR
Central Oriental,Blue Grove Callen-CTOR,5' x 8',Blue Grove Callen-CTOR,1008665S,,194216181353,239.99,1008665S,https://homemakersfurniture.github.io/rugDatabase/#/collection/Blue%20Grove%20Callen-CTOR/Blue%20Grove%20Callen-CTOR
Central Oriental,Amale-CTOR,8' x 10',Amale-CTOR,1003472S,,194216163397,359.99,1003472S,https://homemakersfurniture.github.io/rugDatabase/#/collection/Amale-CTOR/Amale-CTOR
Central Oriental,Blue Adley Rafferty-CTOR,8' x 10',Blue Adley Rafferty-CTOR,1008657S,,194216181292,379.99,1008657S,https://homemakersfurniture.github.io/rugDatabase/#/collection/Blue%20Adley%20Rafferty-CTOR/Blue%20Adley%20Rafferty-CTOR
Central Oriental,Talia-CTOR,5' x 7',Talia-CTOR,1006031S,,194216165858,219.99,1006031S,https://homemakersfurniture.github.io/rugDatabase/#/collection/Talia-CTOR/Talia-CTOR
Central Oriental,Erinbenrooted-CTOR,5' x 8',Erinbenrooted-CTOR,1008624S,,194216181476,209.99,1008624S,https://homemakersfurniture.github.io/rugDatabase/#/collection/Erinbenrooted-CTOR/Erinbenrooted-CTOR
Central Oriental,Malva-CTOR,8' x 10',Malva-CTOR,1003478S,,194216131686,249.99,1003478S,https://homemakersfurniture.github.io/rugDatabase/#/collection/Malva-CTOR/Malva-CTOR
Central Oriental,Tinsley-CTOR,5' x 7.6',Tinsley-CTOR,14564S,,194216062065,209.99,14564S,https://homemakersfurniture.github.io/rugDatabase/#/collection/Tinsley-CTOR/Tinsley-CTOR
Central Oriental,Tan Tupelo Tessa-CTOR,8' x 10',Tan Tupelo Tessa-CTOR,1008639S,,194216181179,349.99,1008639S,https://homemakersfurniture.github.io/rugDatabase/#/collection/Tan%20Tupelo%20Tessa-CTOR/Tan%20Tupelo%20Tessa-CTOR
Central Oriental,Contmp Santorini-CTOR,7.10' x 9.10',Contmp Santorini-CTOR,368606,,038698841117,169.99,368606,https://homemakersfurniture.github.io/rugDatabase/#/collection/Contmp%20Santorini-CTOR/Contmp%20Santorini-CTOR
Central Oriental,Rainier-CTOR,7.10' x 9.10',Rainier-CTOR,368673,,038698816009,249.99,368673,https://homemakersfurniture.github.io/rugDatabase/#/collection/Rainier-CTOR/Rainier-CTOR
Central Oriental,Multi Velventeen-CTOR,5' x 8',Multi Velventeen-CTOR,15344S,,194216063789,129.99,15344S,https://homemakersfurniture.github.io/rugDatabase/#/collection/Multi%20Velventeen-CTOR/Multi%20Velventeen-CTOR
Central Oriental,Lylah-CTOR,5' x 7.6',Lylah-CTOR,14559S,,194216062102,209.99,14559S,https://homemakersfurniture.github.io/rugDatabase/#/collection/Lylah-CTOR/Lylah-CTOR
Central Oriental,Silver Angelo-CTOR,8' x 10',Silver Angelo-CTOR,1003454S,,194216163700,439.99,1003454S,https://homemakersfurniture.github.io/rugDatabase/#/collection/Silver%20Angelo-CTOR/Silver%20Angelo-CTOR
Central Oriental,Tan Minerva-CTOR,5' x 7.3',Tan Minerva-CTOR,577790,,038698993557,119.99,577790,https://homemakersfurniture.github.io/rugDatabase/#/collection/Tan%20Minerva-CTOR/Tan%20Minerva-CTOR
Central Oriental,Tan Lilith-CTOR,5' x 7.6',Tan Lilith-CTOR,14539S,,194216062201,209.99,14539S,https://homemakersfurniture.github.io/rugDatabase/#/collection/Tan%20Lilith-CTOR/Tan%20Lilith-CTOR
Central Oriental,Remy-CTOR,5' x 7.6',Remy-CTOR,14066S,,194216098996,149.99,14066S,https://homemakersfurniture.github.io/rugDatabase/#/collection/Remy-CTOR/Remy-CTOR
Central Oriental,Blue Tupelo Farrah-CTOR,8' x 10',Blue Tupelo Farrah-CTOR,1008632S,,194216181148,349.99,1008632S,https://homemakersfurniture.github.io/rugDatabase/#/collection/Blue%20Tupelo%20Farrah-CTOR/Blue%20Tupelo%20Farrah-CTOR
Central Oriental,Ivory Tupelo Tessa-CTOR,8' x 10',Ivory Tupelo Tessa-CTOR,1008635S,,194216181155,349.99,1008635S,https://homemakersfurniture.github.io/rugDatabase/#/collection/Ivory%20Tupelo%20Tessa-CTOR/Ivory%20Tupelo%20Tessa-CTOR
Central Oriental,Rooted Laura-CTOR,8' x 10',Rooted Laura-CTOR,1008623S,,194216181520,449.99,1008623S,https://homemakersfurniture.github.io/rugDatabase/#/collection/Rooted%20Laura-CTOR/Rooted%20Laura-CTOR
Central Oriental,Faux Fox-CTOR,7.5' x 9.6',Faux Fox-CTOR,14394S,,194216145652,449.99,14394S,https://homemakersfurniture.github.io/rugDatabase/#/collection/Faux%20Fox-CTOR/Faux%20Fox-CTOR
Central Oriental,Blakely-CTOR,5' x 7.6',Blakely-CTOR,14542S,,194216101290,209.99,14542S,https://homemakersfurniture.github.io/rugDatabase/#/collection/Blakely-CTOR/Blakely-CTOR
Central Oriental,Brown Adley Roscoe-CTOR,8' x 10',Brown Adley Roscoe-CTOR,1008644S,,194216181261,379.99,1008644S,https://homemakersfurniture.github.io/rugDatabase/#/collection/Brown%20Adley%20Roscoe-CTOR/Brown%20Adley%20Roscoe-CTOR
Central Oriental,Reni-CTOR,5' x 7.6',Reni-CTOR,14622S,,194216065172,209.99,14622S,https://homemakersfurniture.github.io/rugDatabase/#/collection/Reni-CTOR/Reni-CTOR
Central Oriental,Black Belgian Faux Fur-CTOR,5' x 7',Black Belgian Faux Fur-CTOR,14387S,,194216145447,229.99,14387S,https://homemakersfurniture.github.io/rugDatabase/#/collection/Black%20Belgian%20Faux%20Fur-CTOR/Black%20Belgian%20Faux%20Fur-CTOR
Central Oriental,Ivory Alette-CTOR,7.10' x 9.10',Ivory Alette-CTOR,14520S,,194216098644,429.99,14520S,https://homemakersfurniture.github.io/rugDatabase/#/collection/Ivory%20Alette-CTOR/Ivory%20Alette-CTOR
Central Oriental,Gray Angora-CTOR,8' x 10',Gray Angora-CTOR,1005361S,,194216164141,429.99,1005361S,https://homemakersfurniture.github.io/rugDatabase/#/collection/Gray%20Angora-CTOR/Gray%20Angora-CTOR
Central Oriental,Belmont-CTOR,5' x 7',Belmont-CTOR,678888,,194216013838,139.99,678888,https://homemakersfurniture.github.io/rugDatabase/#/collection/Belmont-CTOR/Belmont-CTOR
Central Oriental,Xander-CTOR,5' x 8',Xander-CTOR,1003498S,,194216099047,159.99,1003498S,https://homemakersfurniture.github.io/rugDatabase/#/collection/Xander-CTOR/Xander-CTOR
Central Oriental,Searcy-CTOR,7.10' x 9.10',Searcy-CTOR,14685S,,194216093748,429.99,14685S,https://homemakersfurniture.github.io/rugDatabase/#/collection/Searcy-CTOR/Searcy-CTOR
Central Oriental,Corso Azzurro 2-CTOR,7.10' x 9.10',Corso Azzurro 2-CTOR,678906,,038698867858,209.99,678906,https://homemakersfurniture.github.io/rugDatabase/#/collection/Corso%20Azzurro%202-CTOR/Corso%20Azzurro%202-CTOR
Central Oriental,Aslan-CTOR,5' x 7.6',Aslan-CTOR,14631S,,194216124282,209.99,14631S,https://homemakersfurniture.github.io/rugDatabase/#/collection/Aslan-CTOR/Aslan-CTOR
Central Oriental,Belgian Faux Fur-CTOR,5' x 7',Belgian Faux Fur-CTOR,14396S,,194216145430,229.99,14396S,https://homemakersfurniture.github.io/rugDatabase/#/collection/Belgian%20Faux%20Fur-CTOR/Belgian%20Faux%20Fur-CTOR
Central Oriental,Cruz-CTOR,8' x 10',Cruz-CTOR,1003485S,,194216140787,289.99,1003485S,https://homemakersfurniture.github.io/rugDatabase/#/collection/Cruz-CTOR/Cruz-CTOR
Central Oriental,Tan Lyanna-CTOR,7.10' x 9.10',Tan Lyanna-CTOR,14548S,,194216062157,429.99,14548S,https://homemakersfurniture.github.io/rugDatabase/#/collection/Tan%20Lyanna-CTOR/Tan%20Lyanna-CTOR
Central Oriental,Azariah-CTOR,7.10' Round,Azariah-CTOR,14516S,,194216103386,279.99,14516S,https://homemakersfurniture.github.io/rugDatabase/#/collection/Azariah-CTOR/Azariah-CTOR
Central Oriental,Maisie-CTOR,7.10' Round,Maisie-CTOR,1006277S,,194216103447,299.99,1006277S,https://homemakersfurniture.github.io/rugDatabase/#/collection/Maisie-CTOR/Maisie-CTOR
Central Oriental,Pedro-CTOR,5' x 8',Pedro-CTOR,1003457S,,194216164448,209.99,1003457S,https://homemakersfurniture.github.io/rugDatabase/#/collection/Pedro-CTOR/Pedro-CTOR
Central Oriental,Amara-CTOR,7.10' x 9.10',Amara-CTOR,14625S,,194216054985,429.99,14625S,https://homemakersfurniture.github.io/rugDatabase/#/collection/Amara-CTOR/Amara-CTOR
Central Oriental,Delany-CTOR,8' x 10',Delany-CTOR,1003474S,,194216163427,359.99,1003474S,https://homemakersfurniture.github.io/rugDatabase/#/collection/Delany-CTOR/Delany-CTOR
Central Oriental,Tulsa4-CTOR,7.10' x 9.10',Tulsa4-CTOR,577839,,038698975867,199.99,577839,https://homemakersfurniture.github.io/rugDatabase/#/collection/Tulsa4-CTOR/Tulsa4-CTOR
Central Oriental,Kesden-CTOR,5' x 8',Kesden-CTOR,1003479S,,194216002979,169.99,1003479S,https://homemakersfurniture.github.io/rugDatabase/#/collection/Kesden-CTOR/Kesden-CTOR
Central Oriental,Corso Azzurro-CTOR,7.10' x 9.10',Corso Azzurro-CTOR,442422,,038698867841,209.99,442422,https://homemakersfurniture.github.io/rugDatabase/#/collection/Corso%20Azzurro-CTOR/Corso%20Azzurro-CTOR
Central Oriental,Tan Angelo-CTOR,5' x 8',Tan Angelo-CTOR,1003455S,,194216163717,209.99,1003455S,https://homemakersfurniture.github.io/rugDatabase/#/collection/Tan%20Angelo-CTOR/Tan%20Angelo-CTOR
Central Oriental,Minerva-CTOR,5' x 7.3',Minerva-CTOR,577797,,038698993571,119.99,577797,https://homemakersfurniture.github.io/rugDatabase/#/collection/Minerva-CTOR/Minerva-CTOR
Central Oriental,Channel-CTOR,7.6' x 9.6',Channel-CTOR,14392S,,194216145492,449.99,14392S,https://homemakersfurniture.github.io/rugDatabase/#/collection/Channel-CTOR/Channel-CTOR
Central Oriental,Maisie-CTOR,9' x 12',Maisie-CTOR,1006274S,,194216177400,559.99,1006274S,https://homemakersfurniture.github.io/rugDatabase/#/collection/Maisie-CTOR/Maisie-CTOR
Central Oriental,Stonington-CTOR,5' x 8',Stonington-CTOR,1003461S,,194216150588,209.99,1003461S,https://homemakersfurniture.github.io/rugDatabase/#/collection/Stonington-CTOR/Stonington-CTOR
Central Oriental,Drk Teal Tulsa-CTOR,5.3' x 7.6',Drk Teal Tulsa-CTOR,577827,,038698975997,89.99,577827,https://homemakersfurniture.github.io/rugDatabase/#/collection/Drk%20Teal%20Tulsa-CTOR/Drk%20Teal%20Tulsa-CTOR
Central Oriental,Rustic Rainier-CTOR,7.10' x 9.10',Rustic Rainier-CTOR,318249,,038698816016,249.99,318249,https://homemakersfurniture.github.io/rugDatabase/#/collection/Rustic%20Rainier-CTOR/Rustic%20Rainier-CTOR
Central Oriental,Tan Wash Velventeen-CTOR,5' x 8',Tan Wash Velventeen-CTOR,15354S,,194216063994,129.99,15354S,https://homemakersfurniture.github.io/rugDatabase/#/collection/Tan%20Wash%20Velventeen-CTOR/Tan%20Wash%20Velventeen-CTOR
Central Oriental,Tan Angelo-CTOR,8' x 10',Tan Angelo-CTOR,1003456S,,194216163724,439.99,1003456S,https://homemakersfurniture.github.io/rugDatabase/#/collection/Tan%20Angelo-CTOR/Tan%20Angelo-CTOR
Central Oriental,Tan Stonington-CTOR,5' x 8',Tan Stonington-CTOR,1003459S,,194216098651,209.99,1003459S,https://homemakersfurniture.github.io/rugDatabase/#/collection/Tan%20Stonington-CTOR/Tan%20Stonington-CTOR
Central Oriental,Rainier 2-CTOR,7.10' x 9.10',Rainier 2-CTOR,318250,,038698815989,249.99,318250,https://homemakersfurniture.github.io/rugDatabase/#/collection/Rainier%202-CTOR/Rainier%202-CTOR
Central Oriental,Drk Blue Belmont-CTOR,7.6' x 9.6',Drk Blue Belmont-CTOR,678883,,194216013876,269.99,678883,https://homemakersfurniture.github.io/rugDatabase/#/collection/Drk%20Blue%20Belmont-CTOR/Drk%20Blue%20Belmont-CTOR
Central Oriental,Blythewood-CTOR,7.10' x 9.10',Blythewood-CTOR,18108S,,194216039319,229.99,18108S,https://homemakersfurniture.github.io/rugDatabase/#/collection/Blythewood-CTOR/Blythewood-CTOR
Central Oriental,Alette-CTOR,7.10' x 9.10',Alette-CTOR,14522S,,194216098620,429.99,14522S,https://homemakersfurniture.github.io/rugDatabase/#/collection/Alette-CTOR/Alette-CTOR
Central Oriental,Delany-CTOR,5' x 8',Delany-CTOR,1003473S,,194216163373,169.99,1003473S,https://homemakersfurniture.github.io/rugDatabase/#/collection/Delany-CTOR/Delany-CTOR
Central Oriental,Monty-CTOR,7.10' x 9.10',Monty-CTOR,14064S,,194216099160,319.99,14064S,https://homemakersfurniture.github.io/rugDatabase/#/collection/Monty-CTOR/Monty-CTOR
Central Oriental,Tan Colorscape-CTOR,5' x 8',Tan Colorscape-CTOR,1002873S,,194216162482,99.99,1002873S,https://homemakersfurniture.github.io/rugDatabase/#/collection/Tan%20Colorscape-CTOR/Tan%20Colorscape-CTOR
Central Oriental,Gray Neville-CTOR,8' x 10',Gray Neville-CTOR,1003450S,,194216163663,289.99,1003450S,https://homemakersfurniture.github.io/rugDatabase/#/collection/Gray%20Neville-CTOR/Gray%20Neville-CTOR
Central Oriental,Tan Colorscape-CTOR,8' x 10',Tan Colorscape-CTOR,1002885S,,194216162550,169.99,1002885S,https://homemakersfurniture.github.io/rugDatabase/#/collection/Tan%20Colorscape-CTOR/Tan%20Colorscape-CTOR
Central Oriental,Red Tulsa-CTOR,5.3' x 7.6',Red Tulsa-CTOR,577828,,038698976130,89.99,577828,https://homemakersfurniture.github.io/rugDatabase/#/collection/Red%20Tulsa-CTOR/Red%20Tulsa-CTOR
Central Oriental,Cream Angora-CTOR,8' x 10',Cream Angora-CTOR,1005356S,,194216164097,429.99,1005356S,https://homemakersfurniture.github.io/rugDatabase/#/collection/Cream%20Angora-CTOR/Cream%20Angora-CTOR
Central Oriental,Drk Velventeen-CTOR,5' x 8',Drk Velventeen-CTOR,15349S,,194216063895,129.99,15349S,https://homemakersfurniture.github.io/rugDatabase/#/collection/Drk%20Velventeen-CTOR/Drk%20Velventeen-CTOR
Central Oriental,Orange Grove Callen-CTOR,8' x 10',Orange Grove Callen-CTOR,1008664S,,194216181407,489.99,1008664S,https://homemakersfurniture.github.io/rugDatabase/#/collection/Orange%20Grove%20Callen-CTOR/Orange%20Grove%20Callen-CTOR
Central Oriental,Gray Relax-CTOR,5' x 7.6',Gray Relax-CTOR,474824,,038698935809,189.99,474824,https://homemakersfurniture.github.io/rugDatabase/#/collection/Gray%20Relax-CTOR/Gray%20Relax-CTOR
Central Oriental,Erinbenrooted-CTOR,8' x 10',Erinbenrooted-CTOR,1008625S,,194216181537,449.99,1008625S,https://homemakersfurniture.github.io/rugDatabase/#/collection/Erinbenrooted-CTOR/Erinbenrooted-CTOR
Central Oriental,Teal Tulsa-CTOR,5.3' x 7.6',Teal Tulsa-CTOR,577822,,038698975959,89.99,577822,https://homemakersfurniture.github.io/rugDatabase/#/collection/Teal%20Tulsa-CTOR/Teal%20Tulsa-CTOR
Central Oriental,Gray Corso Azzurro-CTOR,5' x 7.6',Gray Corso Azzurro-CTOR,678895,,038698867803,109.99,678895,https://homemakersfurniture.github.io/rugDatabase/#/collection/Gray%20Corso%20Azzurro-CTOR/Gray%20Corso%20Azzurro-CTOR
Central Oriental,Cream Tupelo Farrah-CTOR,5' x 8',Cream Tupelo Farrah-CTOR,1008633S,,194216181063,169.99,1008633S,https://homemakersfurniture.github.io/rugDatabase/#/collection/Cream%20Tupelo%20Farrah-CTOR/Cream%20Tupelo%20Farrah-CTOR
Central Oriental,Gray Neville-CTOR,5' x 8',Gray Neville-CTOR,1003449S,,194216163656,139.99,1003449S,https://homemakersfurniture.github.io/rugDatabase/#/collection/Gray%20Neville-CTOR/Gray%20Neville-CTOR
Central Oriental,Rooted Laura-CTOR,5' x 8',Rooted Laura-CTOR,1008622S,,194216181469,209.99,1008622S,https://homemakersfurniture.github.io/rugDatabase/#/collection/Rooted%20Laura-CTOR/Rooted%20Laura-CTOR
Central Oriental,Coastal Melbourne-CTOR,8' x 10',Coastal Melbourne-CTOR,1002899S,,194216008780,169.99,1002899S,https://homemakersfurniture.github.io/rugDatabase/#/collection/Coastal%20Melbourne-CTOR/Coastal%20Melbourne-CTOR
Central Oriental,Gray Belgian Faux Fur-CTOR,7.6' x 9.6',Gray Belgian Faux Fur-CTOR,14391S,,194216145508,449.99,14391S,https://homemakersfurniture.github.io/rugDatabase/#/collection/Gray%20Belgian%20Faux%20Fur-CTOR/Gray%20Belgian%20Faux%20Fur-CTOR
Central Oriental,Multi Minerva-CTOR,5' x 7.3',Multi Minerva-CTOR,577780,,194216004126,119.99,577780,https://homemakersfurniture.github.io/rugDatabase/#/collection/Multi%20Minerva-CTOR/Multi%20Minerva-CTOR
Central Oriental,Amale-CTOR,5' x 8',Amale-CTOR,1003470S,,194216163342,169.99,1003470S,https://homemakersfurniture.github.io/rugDatabase/#/collection/Amale-CTOR/Amale-CTOR
Central Oriental,Eden-CTOR,5' x 8',Eden-CTOR,1003475S,,194216131624,119.99,1003475S,https://homemakersfurniture.github.io/rugDatabase/#/collection/Eden-CTOR/Eden-CTOR
Central Oriental,Tinsley-CTOR,7.10' x 9.10',Tinsley-CTOR,14565S,,194216062072,429.99,14565S,https://homemakersfurniture.github.io/rugDatabase/#/collection/Tinsley-CTOR/Tinsley-CTOR
Central Oriental,Rooted Nella-CTOR,5' x 8',Rooted Nella-CTOR,1008620S,,194216181445,209.99,1008620S,https://homemakersfurniture.github.io/rugDatabase/#/collection/Rooted%20Nella-CTOR/Rooted%20Nella-CTOR
Central Oriental,Melbourne Blue-CTOR,3' x 5',Melbourne Blue-CTOR,1002834S,,194216079988,49.99,1002834S,https://homemakersfurniture.github.io/rugDatabase/#/collection/Melbourne%20Blue-CTOR/Melbourne%20Blue-CTOR
Central Oriental,Iris-CTOR,7.10' Round,Iris-CTOR,14531S,,194216103409,279.99,14531S,https://homemakersfurniture.github.io/rugDatabase/#/collection/Iris-CTOR/Iris-CTOR
Central Oriental,Rooted Flora-CTOR,5' x 8',Rooted Flora-CTOR,1008581S,,194216181421,209.99,1008581S,https://homemakersfurniture.github.io/rugDatabase/#/collection/Rooted%20Flora-CTOR/Rooted%20Flora-CTOR
Central Oriental,Tupelo Farrah-CTOR,5' x 8',Tupelo Farrah-CTOR,1008627S,,194216181056,169.99,1008627S,https://homemakersfurniture.github.io/rugDatabase/#/collection/Tupelo%20Farrah-CTOR/Tupelo%20Farrah-CTOR
Central Oriental,Tan Grove Callum-CTOR,5' x 8',Tan Grove Callum-CTOR,1008667S,,194216181308,239.99,1008667S,https://homemakersfurniture.github.io/rugDatabase/#/collection/Tan%20Grove%20Callum-CTOR/Tan%20Grove%20Callum-CTOR
Central Oriental,Tribal Tulsa-CTOR,5.3' x 7.6',Tribal Tulsa-CTOR,577945,,038698975911,89.99,577945,https://homemakersfurniture.github.io/rugDatabase/#/collection/Tribal%20Tulsa-CTOR/Tribal%20Tulsa-CTOR
Central Oriental,Brigitta-CTOR,8' x 10',Brigitta-CTOR,1003487S,,194216140794,289.99,1003487S,https://homemakersfurniture.github.io/rugDatabase/#/collection/Brigitta-CTOR/Brigitta-CTOR
Central Oriental,Sianna-CTOR,7.10' x 9.10',Sianna-CTOR,14629S,,194216066230,429.99,14629S,https://homemakersfurniture.github.io/rugDatabase/#/collection/Sianna-CTOR/Sianna-CTOR
Central Oriental,Kylan-CTOR,7.10' x 9.10',Kylan-CTOR,14538S,,19421606296,429.99,14538S,https://homemakersfurniture.github.io/rugDatabase/#/collection/Kylan-CTOR/Kylan-CTOR
Central Oriental,Grove Callen-CTOR,5' x 8',Grove Callen-CTOR,1008661S,,194216181339,239.99,1008661S,https://homemakersfurniture.github.io/rugDatabase/#/collection/Grove%20Callen-CTOR/Grove%20Callen-CTOR
Central Oriental,Gray Bebel Faux Fur-CTOR,5' x 7',Gray Bebel Faux Fur-CTOR,14071S,,194216108787,229.99,14071S,https://homemakersfurniture.github.io/rugDatabase/#/collection/Gray%20Bebel%20Faux%20Fur-CTOR/Gray%20Bebel%20Faux%20Fur-CTOR
Central Oriental,Monty-CTOR,5' x 7.6',Monty-CTOR,14063S,,194216099061,149.99,14063S,https://homemakersfurniture.github.io/rugDatabase/#/collection/Monty-CTOR/Monty-CTOR
Central Oriental,Adley Jones Azure-CTOR,8' x 10',Adley Jones Azure-CTOR,1008641S,,194216181254,379.99,1008641S,https://homemakersfurniture.github.io/rugDatabase/#/collection/Adley%20Jones%20Azure-CTOR/Adley%20Jones%20Azure-CTOR
Central Oriental,Gray Velventeen-CTOR,5' x 8',Gray Velventeen-CTOR,15346S,,194216063833,129.99,15346S,https://homemakersfurniture.github.io/rugDatabase/#/collection/Gray%20Velventeen-CTOR/Gray%20Velventeen-CTOR
Central Oriental,Tulsa3-CTOR,5.3' x 7.6',Tulsa3-CTOR,577923,,038698976079,89.99,577923,https://homemakersfurniture.github.io/rugDatabase/#/collection/Tulsa3-CTOR/Tulsa3-CTOR
Central Oriental,Ivory Tupelo Tessa-CTOR,5' x 8',Ivory Tupelo Tessa-CTOR,1008634S,,194216181087,169.99,1008634S,https://homemakersfurniture.github.io/rugDatabase/#/collection/Ivory%20Tupelo%20Tessa-CTOR/Ivory%20Tupelo%20Tessa-CTOR
Central Oriental,Brinley-CTOR,7.6' x 9.6',Brinley-CTOR,540926,,038698963734,399.99,540926,https://homemakersfurniture.github.io/rugDatabase/#/collection/Brinley-CTOR/Brinley-CTOR
Central Oriental,Ivory Alette-CTOR,5' x 7.6',Ivory Alette-CTOR,14519S,,194216098637,209.99,14519S,https://homemakersfurniture.github.io/rugDatabase/#/collection/Ivory%20Alette-CTOR/Ivory%20Alette-CTOR
Central Oriental,Tulsa4-CTOR,5.3' x 7.6',Tulsa4-CTOR,577833,,038698975850,89.99,577833,https://homemakersfurniture.github.io/rugDatabase/#/collection/Tulsa4-CTOR/Tulsa4-CTOR
Central Oriental,Tulsa2-CTOR,7.10' x 9.10',Tulsa2-CTOR,577932,,038698976109,199.99,577932,https://homemakersfurniture.github.io/rugDatabase/#/collection/Tulsa2-CTOR/Tulsa2-CTOR
Central Oriental,Gray Talia-CTOR,8' x 10',Gray Talia-CTOR,1006028S,,194216165889,429.99,1006028S,https://homemakersfurniture.github.io/rugDatabase/#/collection/Gray%20Talia-CTOR/Gray%20Talia-CTOR
Central Oriental,Searcy-CTOR,5' x 7.6',Searcy-CTOR,14682S,,194216093731,209.99,14682S,https://homemakersfurniture.github.io/rugDatabase/#/collection/Searcy-CTOR/Searcy-CTOR
Central Oriental,Orange Grove Callen-CTOR,5' x 8',Orange Grove Callen-CTOR,1008663S,,194216181346,239.99,1008663S,https://homemakersfurniture.github.io/rugDatabase/#/collection/Orange%20Grove%20Callen-CTOR/Orange%20Grove%20Callen-CTOR
Central Oriental,Multi Tulsa1-CTOR,5.3' x 7.6',Multi Tulsa1-CTOR,577933,,038698976116,89.99,577933,https://homemakersfurniture.github.io/rugDatabase/#/collection/Multi%20Tulsa1-CTOR/Multi%20Tulsa1-CTOR
Central Oriental,Gray Angora-CTOR,5' x 7',Gray Angora-CTOR,1005359S,,194216164110,229.99,1005359S,https://homemakersfurniture.github.io/rugDatabase/#/collection/Gray%20Angora-CTOR/Gray%20Angora-CTOR
Central Oriental,Multi Tulsa-CTOR,5.3' x 7.6',Multi Tulsa-CTOR,577831,,038698975874,89.99,577831,https://homemakersfurniture.github.io/rugDatabase/#/collection/Multi%20Tulsa-CTOR/Multi%20Tulsa-CTOR
Central Oriental,Adley Rafferty-CTOR,5' x 8',Adley Rafferty-CTOR,1008653S,,194216181223,189.99,1008653S,https://homemakersfurniture.github.io/rugDatabase/#/collection/Adley%20Rafferty-CTOR/Adley%20Rafferty-CTOR
Central Oriental,Tupelo Farrah-CTOR,8' x 10',Tupelo Farrah-CTOR,1008629S,,194216181124,349.99,1008629S,https://homemakersfurniture.github.io/rugDatabase/#/collection/Tupelo%20Farrah-CTOR/Tupelo%20Farrah-CTOR
Central Oriental,Silas-CTOR,5' x 7.6',Silas-CTOR,14626S,,194216054954,209.99,14626S,https://homemakersfurniture.github.io/rugDatabase/#/collection/Silas-CTOR/Silas-CTOR
